{"cameraMode":{"drawMode":0,"name":"Shaded","section":"Shading Mode"},"sceneLighting":false,"audioPlay":false,"sceneViewState":{"m_AlwaysRefresh":false,"showFog":true,"showSkybox":true,"showFlares":true,"showImageEffects":true,"showParticleSystems":true,"showVisualEffectGraphs":true,"m_FxEnabled":true},"in2DMode":false,"pivot":{"x":-0.03200000151991844,"y":0.09700000286102295,"z":0.052000001072883609},"rotation":{"x":0.2499583512544632,"y":-0.04355388134717941,"z":0.011255310848355294,"w":0.967215359210968},"size":10.244261741638184,"orthographic":false}